classe;survie;nom;sexe;age;tarif
1;1;Allen, Miss. Elisabeth Walton;2;29;211
1;1;Allison, Master. Hudson Trevor;1;1;152
1;0;Allison, Miss. Helen Loraine;2;2;152
1;0;Allison, Mr. Hudson Joshua Creighton;1;30;152
1;0;Allison, Mrs. Hudson Bessie Waldo Daniels;2;25;152
1;1;Anderson, Mr. Harry;1;48;27
1;1;Andrews, Miss. Kornelia Theodosia;2;63;78
1;0;Andrews, Mr. Thomas Jr;1;39;0
1;1;Appleton, Mrs. Edward Dale (Charlotte Lamson);2;53;51
1;0;Artagaveytia, Mr. Ramon;1;71;50
1;0;Astor, Col. John Jacob;1;47;228
1;1;Astor, Mrs. John Jacob (Madeleine Talmadge Force);2;18;228
1;1;Aubart, Mme. Leontine Pauline;2;24;69
1;1;"Barber, Miss. Ellen ""Nellie""";2;26;79
1;1;Barkworth, Mr. Algernon Henry Wilson;1;80;30
1;0;Baumann, Mr. John D;1;;26
1;0;Baxter, Mr. Quigg Edmond;1;24;248
1;1;Baxter, Mrs. James (Helene DeLaudeniere Chaput);2;50;248
1;1;Bazzani, Miss. Albina;2;32;76
1;0;Beattie, Mr. Thomson;1;36;75
1;1;Beckwith, Mr. Richard Leonard;1;37;53
1;1;Beckwith, Mrs. Richard Leonard (Sallie Monypeny);2;47;53
1;1;Behr, Mr. Karl Howell;1;26;30
1;1;Bidois, Miss. Rosalie;2;42;228
1;1;Bird, Miss. Ellen;2;29;222
1;0;Birnbaum, Mr. Jakob;1;25;26
1;1;Bishop, Mr. Dickinson H;1;25;91
1;1;Bishop, Mrs. Dickinson Helen Walton;2;19;91
1;1;Bissette, Miss. Amelia;2;35;136
1;1;Bjornstrom-Steffansson, Mr. Mauritz Hakan;1;28;27
1;0;Blackwell, Mr. Stephen Weart;1;45;36
1;1;Blank, Mr. Henry;1;40;31
1;1;Bonnell, Miss. Caroline;2;30;165
1;1;Bonnell, Miss. Elizabeth;2;58;27
1;0;Borebank, Mr. John James;1;42;27
1;1;Bowen, Miss. Grace Scott;2;45;262
1;1;Bowerman, Miss. Elsie Edith;2;22;55
1;1;"Bradley, Mr. George (""George Arthur Brayton"")";1;;27
1;0;Brady, Mr. John Bertram;1;41;31
1;0;Brandeis, Mr. Emil;1;48;50
1;0;Brewe, Dr. Arthur Jackson;1;;40
1;1;Brown, Mrs. James Joseph (Margaret Tobin);2;44;28
1;1;Brown, Mrs. John Murray (Caroline Lane Lamson);2;59;51
1;1;Bucknell, Mrs. William Robert (Emma Eliza Ward);2;60;76
1;1;Burns, Miss. Elizabeth Margaret;2;41;135
1;0;Butt, Major. Archibald Willingham;1;45;27
1;0;Cairns, Mr. Alexander;1;;31
1;1;Calderhead, Mr. Edward Pennington;1;42;26
1;1;Candee, Mrs. Edward (Helen Churchill Hungerford);2;53;27
1;1;Cardeza, Mr. Thomas Drake Martinez;1;36;512
1;1;Cardeza, Mrs. James Warburton Martinez (Charlotte Wardle Drake);2;58;512
1;0;Carlsson, Mr. Frans Olof;1;33;5
1;0;Carrau, Mr. Francisco M;1;28;47
1;0;Carrau, Mr. Jose Pedro;1;17;47
1;1;Carter, Master. William Thornton II;1;11;120
1;1;Carter, Miss. Lucile Polk;2;14;120
1;1;Carter, Mr. William Ernest;1;36;120
1;1;Carter, Mrs. William Ernest (Lucile Polk);2;36;120
1;0;Case, Mr. Howard Brown;1;49;26
1;1;Cassebeer, Mrs. Henry Arthur Jr (Eleanor Genevieve Fosdick);2;;28
1;0;Cavendish, Mr. Tyrell William;1;36;79
1;1;Cavendish, Mrs. Tyrell William (Julia Florence Siegel);2;76;79
1;0;Chaffee, Mr. Herbert Fuller;1;46;61
1;1;Chaffee, Mrs. Herbert Fuller (Carrie Constance Toogood);2;47;61
1;1;Chambers, Mr. Norman Campbell;1;27;53
1;1;Chambers, Mrs. Norman Campbell (Bertha Griggs);2;33;53
1;1;Chaudanson, Miss. Victorine;2;36;262
1;1;Cherry, Miss. Gladys;2;30;87
1;1;Chevre, Mr. Paul Romaine;1;45;30
1;1;Chibnall, Mrs. (Edith Martha Bowerman);2;;55
1;0;Chisholm, Mr. Roderick Robert Crispin;1;;0
1;0;Clark, Mr. Walter Miller;1;27;137
1;1;Clark, Mrs. Walter Miller (Virginia McDowell);2;26;137
1;1;Cleaver, Miss. Alice;2;22;152
1;0;Clifford, Mr. George Quincy;1;;52
1;0;Colley, Mr. Edward Pomeroy;1;47;26
1;1;Compton, Miss. Sara Rebecca;2;39;83
1;0;Compton, Mr. Alexander Taylor Jr;1;37;83
1;1;Compton, Mrs. Alexander Taylor (Mary Eliza Ingersoll);2;64;83
1;1;Cornell, Mrs. Robert Clifford (Malvina Helen Lamson);2;55;26
1;0;Crafton, Mr. John Bertram;1;;27
1;0;Crosby, Capt. Edward Gifford;1;70;71
1;1;Crosby, Miss. Harriet R;2;36;71
1;1;Crosby, Mrs. Edward Gifford (Catherine Elizabeth Halstead);2;64;27
1;0;Cumings, Mr. John Bradley;1;39;71
1;1;Cumings, Mrs. John Bradley (Florence Briggs Thayer);2;38;71
1;1;Daly, Mr. Peter Denis ;1;51;27
1;1;Daniel, Mr. Robert Williams;1;27;31
1;1;Daniels, Miss. Sarah;2;33;152
1;0;Davidson, Mr. Thornton;1;31;52
1;1;Davidson, Mrs. Thornton (Orian Hays);2;27;52
1;1;Dick, Mr. Albert Adrian;1;31;57
1;1;Dick, Mrs. Albert Adrian (Vera Gillespie);2;17;57
1;1;Dodge, Dr. Washington;1;53;82
1;1;Dodge, Master. Washington;1;4;82
1;1;Dodge, Mrs. Washington (Ruth Vidaver);2;54;82
1;0;Douglas, Mr. Walter Donald;1;50;106
1;1;Douglas, Mrs. Frederick Charles (Mary Helene Baxter);2;27;248
1;1;Douglas, Mrs. Walter Donald (Mahala Dutton);2;48;106
1;1;"Duff Gordon, Lady. (Lucille Christiana Sutherland) (""Mrs Morgan"")";2;48;40
1;1;"Duff Gordon, Sir. Cosmo Edmund (""Mr Morgan"")";1;49;57
1;0;Dulles, Mr. William Crothers;1;39;30
1;1;Earnshaw, Mrs. Boulton (Olive Potter);2;23;83
1;1;Endres, Miss. Caroline Louise;2;38;228
1;1;Eustis, Miss. Elizabeth Mussey;2;54;78
1;0;Evans, Miss. Edith Corse;2;36;32
1;0;Farthing, Mr. John;1;;222
1;1;Flegenheim, Mrs. Alfred (Antoinette);2;;32
1;1;Fleming, Miss. Margaret;2;;111
1;1;"Flynn, Mr. John Irwin (""Irving"")";1;36;26
1;0;Foreman, Mr. Benjamin Laventall;1;30;28
1;1;Fortune, Miss. Alice Elizabeth;2;24;263
1;1;Fortune, Miss. Ethel Flora;2;28;263
1;1;Fortune, Miss. Mabel Helen;2;23;263
1;0;Fortune, Mr. Charles Alexander;1;19;263
1;0;Fortune, Mr. Mark;1;64;263
1;1;Fortune, Mrs. Mark (Mary McDougald);2;60;263
1;1;Francatelli, Miss. Laura Mabel;2;30;57
1;0;Franklin, Mr. Thomas Parham;1;;27
1;1;Frauenthal, Dr. Henry William;1;50;134
1;1;Frauenthal, Mr. Isaac Gerald;1;43;28
1;1;Frauenthal, Mrs. Henry William (Clara Heinsheimer);2;;134
1;1;Frolicher, Miss. Hedwig Margaritha;2;22;50
1;1;Frolicher-Stehli, Mr. Maxmillian;1;60;79
1;1;Frolicher-Stehli, Mrs. Maxmillian (Margaretha Emerentia Stehli);2;48;79
1;0;Fry, Mr. Richard;1;;0
1;0;Futrelle, Mr. Jacques Heath;1;37;53
1;1;Futrelle, Mrs. Jacques Heath (Lily May Peel);2;35;53
1;0;Gee, Mr. Arthur H;1;47;39
1;1;Geiger, Miss. Amalie;2;35;212
1;1;Gibson, Miss. Dorothy Winifred;2;22;59
1;1;Gibson, Mrs. Leonard (Pauline C Boeson);2;45;59
1;0;Giglio, Mr. Victor;1;24;79
1;1;Goldenberg, Mr. Samuel L;1;49;89
1;1;Goldenberg, Mrs. Samuel L (Edwiga Grabowska);2;;89
1;0;Goldschmidt, Mr. George B;1;71;35
1;1;Gracie, Col. Archibald IV;1;53;29
1;1;Graham, Miss. Margaret Edith;2;19;30
1;0;Graham, Mr. George Edward;1;38;153
1;1;Graham, Mrs. William Thompson (Edith Junkins);2;58;153
1;1;Greenfield, Mr. William Bertram;1;23;63
1;1;Greenfield, Mrs. Leo David (Blanche Strouse);2;45;63
1;0;Guggenheim, Mr. Benjamin;1;46;79
1;1;Harder, Mr. George Achilles;1;25;55
1;1;Harder, Mrs. George Achilles (Dorothy Annan);2;25;55
1;1;Harper, Mr. Henry Sleeper;1;48;77
1;1;Harper, Mrs. Henry Sleeper (Myna Haxtun);2;49;77
1;0;Harrington, Mr. Charles H;1;;42
1;0;Harris, Mr. Henry Birkhardt;1;45;83
1;1;Harris, Mrs. Henry Birkhardt (Irene Wallach);2;35;83
1;0;Harrison, Mr. William;1;40;0
1;1;Hassab, Mr. Hammad;1;27;77
1;1;Hawksford, Mr. Walter James;1;;30
1;1;Hays, Miss. Margaret Bechstein;2;24;83
1;0;Hays, Mr. Charles Melville;1;55;94
1;1;Hays, Mrs. Charles Melville (Clara Jennings Gregg);2;52;94
1;0;Head, Mr. Christopher;1;42;43
1;0;Hilliard, Mr. Herbert Henry;1;;52
1;0;Hipkins, Mr. William Edward;1;55;50
1;1;Hippach, Miss. Jean Gertrude;2;16;58
1;1;Hippach, Mrs. Louis Albert (Ida Sophia Fischer);2;44;58
1;1;Hogeboom, Mrs. John C (Anna Andrews);2;51;78
1;0;Holverson, Mr. Alexander Oskar;1;42;52
1;1;Holverson, Mrs. Alexander Oskar (Mary Aline Towner);2;35;52
1;1;"Homer, Mr. Harry (""Mr E Haven"")";1;35;27
1;1;Hoyt, Mr. Frederick Maxfield;1;38;90
1;0;Hoyt, Mr. William Fisher;1;;31
1;1;Hoyt, Mrs. Frederick Maxfield (Jane Anne Forby);2;35;90
1;1;Icard, Miss. Amelie;2;38;80
1;0;Isham, Miss. Ann Elizabeth;2;50;29
1;1;Ismay, Mr. Joseph Bruce;1;49;0
1;0;Jones, Mr. Charles Cresson;1;46;26
1;0;Julian, Mr. Henry Forbes;1;50;26
1;0;Keeping, Mr. Edwin;1;33;212
1;0;Kent, Mr. Edward Austin;1;58;30
1;0;Kenyon, Mr. Frederick R;1;41;52
1;1;Kenyon, Mrs. Frederick R (Marion);2;;52
1;1;Kimball, Mr. Edwin Nelson Jr;1;42;53
1;1;Kimball, Mrs. Edwin Nelson Jr (Gertrude Parsons);2;45;53
1;0;Klaber, Mr. Herman;1;;27
1;1;Kreuchen, Miss. Emilie;2;39;211
1;1;Leader, Dr. Alice (Farnham);2;49;26
1;1;LeRoy, Miss. Bertha;2;30;106
1;1;Lesurer, Mr. Gustave J;1;35;512
1;0;Lewy, Mr. Ervin G;1;;28
1;0;"Lindeberg-Lind, Mr. Erik Gustaf (""Mr Edward Lingrey"")";1;42;27
1;1;Lindstrom, Mrs. Carl Johan (Sigrid Posse);2;55;28
1;1;Lines, Miss. Mary Conover;2;16;39
1;1;Lines, Mrs. Ernest H (Elizabeth Lindsey James);2;51;39
1;0;Long, Mr. Milton Clyde;1;29;30
1;1;Longley, Miss. Gretchen Fiske;2;21;78
1;0;Loring, Mr. Joseph Holland;1;30;46
1;1;Lurette, Miss. Elise;2;58;147
1;1;Madill, Miss. Georgette Alexandra;2;15;211
1;0;Maguire, Mr. John Edward;1;30;26
1;1;Maioni, Miss. Roberta;2;16;87
1;1;Marechal, Mr. Pierre;1;;30
1;0;Marvin, Mr. Daniel Warner;1;19;53
1;1;Marvin, Mrs. Daniel Warner (Mary Graham Carmichael Farquarson);2;18;53
1;1;"Mayne, Mlle. Berthe Antonine (""Mrs de Villiers"")";2;24;50
1;0;McCaffry, Mr. Thomas Francis;1;46;75
1;0;McCarthy, Mr. Timothy J;1;54;52
1;1;McGough, Mr. James Robert;1;36;26
1;0;Meyer, Mr. Edgar Joseph;1;28;82
1;1;Meyer, Mrs. Edgar Joseph (Leila Saks);2;;82
1;0;Millet, Mr. Francis Davis;1;65;27
1;0;Minahan, Dr. William Edward;1;44;90
1;1;Minahan, Miss. Daisy E;2;33;90
1;1;Minahan, Mrs. William Edward (Lillian E Thorpe);2;37;90
1;1;Mock, Mr. Philipp Edmund;1;30;58
1;0;Molson, Mr. Harry Markland;1;55;31
1;0;Moore, Mr. Clarence Bloomfield;1;47;42
1;0;Natsch, Mr. Charles H;1;37;30
1;1;Newell, Miss. Madeleine;2;31;113
1;1;Newell, Miss. Marjorie;2;23;113
1;0;Newell, Mr. Arthur Webster;1;58;113
1;1;Newsom, Miss. Helen Monypeny;2;19;26
1;0;Nicholson, Mr. Arthur Ernest;1;64;26
1;1;Oliva y Ocana, Dona. Fermina;2;39;109
1;1;Omont, Mr. Alfred Fernand;1;;26
1;1;Ostby, Miss. Helene Ragnhild;2;22;62
1;0;Ostby, Mr. Engelhart Cornelius;1;65;62
1;0;Ovies y Rodriguez, Mr. Servando;1;29;28
1;0;Parr, Mr. William Henry Marsh;1;;0
1;0;Partner, Mr. Austen;1;46;29
1;0;Payne, Mr. Vivian Ponsonby;1;23;94
1;0;Pears, Mr. Thomas Clinton;1;29;67
1;1;Pears, Mrs. Thomas (Edith Wearne);2;22;67
1;0;Penasco y Castellana, Mr. Victor de Satode;1;18;109
1;1;Penasco y Castellana, Mrs. Victor de Satode (Maria Josefa Perez de Soto y Vallejo);2;17;109
1;1;Perreault, Miss. Anne;2;30;94
1;1;Peuchen, Major. Arthur Godfrey;1;52;31
1;0;Porter, Mr. Walter Chamberlain;1;47;52
1;1;Potter, Mrs. Thomas Jr (Lily Alexenia Wilson);2;56;83
1;0;Reuchlin, Jonkheer. John George;1;38;0
1;1;Rheims, Mr. George Alexander Lucien;1;;40
1;0;Ringhini, Mr. Sante;1;22;136
1;0;Robbins, Mr. Victor;1;;228
1;1;Robert, Mrs. Edward Scott (Elisabeth Walton McMillan);2;43;211
1;0;Roebling, Mr. Washington Augustus II;1;31;50
1;1;"Romaine, Mr. Charles Hallace (""Mr C Rolmane"")";1;45;27
1;0;Rood, Mr. Hugh Roscoe;1;;50
1;1;Rosenbaum, Miss. Edith Louise;2;33;28
1;0;"Rosenshine, Mr. George (""Mr George Thorne"")";1;46;79
1;0;Ross, Mr. John Hugo;1;36;40
1;1;Rothes, the Countess. of (Lucy Noel Martha Dyer-Edwards);2;33;87
1;0;Rothschild, Mr. Martin;1;55;59
1;1;Rothschild, Mrs. Martin (Elizabeth L. Barrett);2;54;59
1;0;Rowe, Mr. Alfred G;1;33;27
1;1;Ryerson, Master. John Borie;1;13;262
1;1;Ryerson, Miss. Emily Borie;2;18;262
1;1;"Ryerson, Miss. Susan Parker ""Suzette""";2;21;262
1;0;Ryerson, Mr. Arthur Larned;1;61;262
1;1;Ryerson, Mrs. Arthur Larned (Emily Maria Borie);2;48;262
1;1;Saalfeld, Mr. Adolphe;1;;31
1;1;Sagesser, Mlle. Emma;2;24;69
1;1;Salomon, Mr. Abraham L;1;;26
1;1;Schabert, Mrs. Paul (Emma Mock);2;35;58
1;1;Serepeca, Miss. Augusta;2;30;31
1;1;Seward, Mr. Frederic Kimber;1;34;27
1;1;Shutes, Miss. Elizabeth W;2;40;153
1;1;Silverthorne, Mr. Spencer Victor;1;35;26
1;0;Silvey, Mr. William Baird;1;50;56
1;1;Silvey, Mrs. William Baird (Alice Munger);2;39;56
1;1;Simonius-Blumer, Col. Oberst Alfons;1;56;36
1;1;Sloper, Mr. William Thompson;1;28;36
1;0;Smart, Mr. John Montgomery;1;56;27
1;0;Smith, Mr. James Clinch;1;56;31
1;0;Smith, Mr. Lucien Philip;1;24;60
1;0;Smith, Mr. Richard William;1;;26
1;1;Smith, Mrs. Lucien Philip (Mary Eloise Hughes);2;18;60
1;1;Snyder, Mr. John Pillsbury;1;24;82
1;1;Snyder, Mrs. John Pillsbury (Nelle Stevenson);2;23;82
1;1;Spedden, Master. Robert Douglas;1;6;135
1;1;Spedden, Mr. Frederic Oakley;1;45;135
1;1;Spedden, Mrs. Frederic Oakley (Margaretta Corning Stone);2;40;135
1;0;Spencer, Mr. William Augustus;1;57;147
1;1;Spencer, Mrs. William Augustus (Marie Eugenie);2;;147
1;1;Stahelin-Maeglin, Dr. Max;1;32;31
1;0;Stead, Mr. William Thomas;1;62;27
1;1;Stengel, Mr. Charles Emil Henry;1;54;55
1;1;Stengel, Mrs. Charles Emil Henry (Annie May Morris);2;43;55
1;1;Stephenson, Mrs. Walter Bertram (Martha Eustis);2;52;78
1;0;Stewart, Mr. Albert A;1;;28
1;1;Stone, Mrs. George Nelson (Martha Evelyn);2;62;80
1;0;Straus, Mr. Isidor;1;67;222
1;0;Straus, Mrs. Isidor (Rosalie Ida Blun);2;63;222
1;0;Sutton, Mr. Frederick;1;61;32
1;1;Swift, Mrs. Frederick Joel (Margaret Welles Barron);2;48;26
1;1;Taussig, Miss. Ruth;2;18;80
1;0;Taussig, Mr. Emil;1;52;80
1;1;Taussig, Mrs. Emil (Tillie Mandelbaum);2;39;80
1;1;Taylor, Mr. Elmer Zebley;1;48;52
1;1;Taylor, Mrs. Elmer Zebley (Juliet Cummins Wright);2;;52
1;0;Thayer, Mr. John Borland;1;49;111
1;1;Thayer, Mr. John Borland Jr;1;17;111
1;1;Thayer, Mrs. John Borland (Marian Longstreth Morris);2;39;111
1;1;Thorne, Mrs. Gertrude Maybelle;2;;79
1;1;Tucker, Mr. Gilbert Milligan Jr;1;31;29
1;0;Uruchurtu, Don. Manuel E;1;40;28
1;0;Van der hoef, Mr. Wyckoff;1;61;34
1;0;Walker, Mr. William Anderson;1;47;34
1;1;Ward, Miss. Anna;2;35;512
1;0;Warren, Mr. Frank Manley;1;64;75
1;1;Warren, Mrs. Frank Manley (Anna Sophia Atkinson);2;60;75
1;0;Weir, Col. John;1;60;27
1;0;White, Mr. Percival Wayland;1;54;77
1;0;White, Mr. Richard Frasar;1;21;77
1;1;White, Mrs. John Stuart (Ella Holmes);2;55;136
1;1;Wick, Miss. Mary Natalie;2;31;165
1;0;Wick, Mr. George Dennick;1;57;165
1;1;Wick, Mrs. George Dennick (Mary Hitchcock);2;45;165
1;0;Widener, Mr. George Dunton;1;50;212
1;0;Widener, Mr. Harry Elkins;1;27;212
1;1;Widener, Mrs. George Dunton (Eleanor Elkins);2;50;212
1;1;Willard, Miss. Constance;2;21;27
1;0;Williams, Mr. Charles Duane;1;51;61
1;1;Williams, Mr. Richard Norris II;1;21;61
1;0;Williams-Lambert, Mr. Fletcher Fellows;1;;35
1;1;Wilson, Miss. Helen Alice;2;31;135
1;1;Woolner, Mr. Hugh;1;;36
1;0;Wright, Mr. George;1;62;27
1;1;Young, Miss. Marie Grice;2;36;136
2;0;Abelson, Mr. Samuel;1;30;24
2;1;Abelson, Mrs. Samuel (Hannah Wizosky);2;28;24
2;0;Aldworth, Mr. Charles Augustus;1;30;13
2;0;Andrew, Mr. Edgardo Samuel;1;18;12
2;0;Andrew, Mr. Frank Thomas;1;25;11
2;0;Angle, Mr. William A;1;34;26
2;1;"Angle, Mrs. William A (Florence ""Mary"" Agnes Hughes)";2;36;26
2;0;Ashby, Mr. John;1;57;13
2;0;Bailey, Mr. Percy Andrew;1;18;12
2;0;Baimbrigge, Mr. Charles Robert;1;23;11
2;1;Ball, Mrs. (Ada E Hall);2;36;13
2;0;Banfield, Mr. Frederick James;1;28;11
2;0;Bateman, Rev. Robert James;1;51;13
2;1;Beane, Mr. Edward;1;32;26
2;1;Beane, Mrs. Edward (Ethel Clarke);2;19;26
2;0;Beauchamp, Mr. Henry James;1;28;26
2;1;Becker, Master. Richard F;1;1;39
2;1;Becker, Miss. Marion Louise;2;4;39
2;1;Becker, Miss. Ruth Elizabeth;2;12;39
2;1;Becker, Mrs. Allen Oliver (Nellie E Baumgardner);2;36;39
2;1;Beesley, Mr. Lawrence;1;34;13
2;1;Bentham, Miss. Lilian W;2;19;13
2;0;Berriman, Mr. William John;1;23;13
2;0;Botsford, Mr. William Hull;1;26;13
2;0;Bowenur, Mr. Solomon;1;42;13
2;0;Bracken, Mr. James H;1;27;13
2;1;"Brown, Miss. Amelia ""Mildred""";2;24;13
2;1;Brown, Miss. Edith Eileen;2;15;39
2;0;Brown, Mr. Thomas William Solomon;1;60;39
2;1;Brown, Mrs. Thomas William Solomon (Elizabeth Catherine Ford);2;40;39
2;1;Bryhl, Miss. Dagmar Jenny Ingeborg ;2;20;26
2;0;Bryhl, Mr. Kurt Arnold Gottfrid;1;25;26
2;1;Buss, Miss. Kate;2;36;13
2;0;Butler, Mr. Reginald Fenton;1;25;13
2;0;Byles, Rev. Thomas Roussel Davids;1;42;13
2;1;Bystrom, Mrs. (Karolina);2;42;13
2;1;Caldwell, Master. Alden Gates;1;1;29
2;1;Caldwell, Mr. Albert Francis;1;26;29
2;1;Caldwell, Mrs. Albert Francis (Sylvia Mae Harbaugh);2;22;29
2;1;Cameron, Miss. Clear Annie;2;35;21
2;0;Campbell, Mr. William;1;;0
2;0;Carbines, Mr. William;1;19;13
2;0;Carter, Mrs. Ernest Courtenay (Lilian Hughes);2;44;26
2;0;Carter, Rev. Ernest Courtenay;1;54;26
2;0;Chapman, Mr. Charles Henry;1;52;14
2;0;Chapman, Mr. John Henry;1;37;26
2;0;Chapman, Mrs. John Henry (Sara Elizabeth Lawry);2;29;26
2;1;Christy, Miss. Julie Rachel;2;25;30
2;1;Christy, Mrs. (Alice Frances);2;45;30
2;0;Clarke, Mr. Charles Valentine;1;29;26
2;1;Clarke, Mrs. Charles V (Ada Maria Winfield);2;28;26
2;0;Coleridge, Mr. Reginald Charles;1;29;11
2;0;Collander, Mr. Erik Gustaf;1;28;13
2;1;Collett, Mr. Sidney C Stuart;1;24;11
2;1;"Collyer, Miss. Marjorie ""Lottie""";2;8;26
2;0;Collyer, Mr. Harvey;1;31;26
2;1;Collyer, Mrs. Harvey (Charlotte Annie Tate);2;31;26
2;1;Cook, Mrs. (Selena Rogers);2;22;11
2;0;Corbett, Mrs. Walter H (Irene Colvin);2;30;13
2;0;Corey, Mrs. Percy C (Mary Phyllis Elizabeth Miller);2;;21
2;0;"Cotterill, Mr. Henry ""Harry""";1;21;12
2;0;Cunningham, Mr. Alfred Fleming;1;;0
2;1;Davies, Master. John Morgan Jr;1;8;37
2;0;Davies, Mr. Charles Henry;1;18;74
2;1;Davies, Mrs. John Morgan (Elizabeth Agnes Mary White) ;2;48;37
2;1;Davis, Miss. Mary;2;28;13
2;0;de Brito, Mr. Jose Joaquim;1;32;13
2;0;Deacon, Mr. Percy William;1;17;74
2;0;del Carlo, Mr. Sebastiano;1;29;28
2;1;del Carlo, Mrs. Sebastiano (Argenia Genovesi);2;24;28
2;0;Denbury, Mr. Herbert;1;25;32
2;0;Dibden, Mr. William;1;18;74
2;1;Doling, Miss. Elsie;2;18;23
2;1;Doling, Mrs. John T (Ada Julia Bone);2;34;23
2;0;Downton, Mr. William James;1;54;26
2;1;Drew, Master. Marshall Brines;1;8;33
2;0;Drew, Mr. James Vivian;1;42;33
2;1;Drew, Mrs. James Vivian (Lulu Thorne Christian);2;34;33
2;1;Duran y More, Miss. Asuncion;2;27;14
2;1;Duran y More, Miss. Florentina;2;30;14
2;0;Eitemiller, Mr. George Floyd;1;23;13
2;0;Enander, Mr. Ingvar;1;21;13
2;0;Fahlstrom, Mr. Arne Jonas;1;18;13
2;0;Faunthorpe, Mr. Harry;1;40;26
2;1;Faunthorpe, Mrs. Lizzie (Elizabeth Anne Wilkinson);2;29;26
2;0;Fillbrook, Mr. Joseph Charles;1;18;11
2;0;Fox, Mr. Stanley Hubert;1;36;13
2;0;"Frost, Mr. Anthony Wood ""Archie""";1;;0
2;0;Funk, Miss. Annie Clemmer;2;38;13
2;0;Fynney, Mr. Joseph J;1;35;26
2;0;Gale, Mr. Harry;1;38;21
2;0;Gale, Mr. Shadrach;1;34;21
2;1;Garside, Miss. Ethel;2;34;13
2;0;Gaskell, Mr. Alfred;1;16;26
2;0;Gavey, Mr. Lawrence;1;26;11
2;0;Gilbert, Mr. William;1;47;11
2;0;Giles, Mr. Edgar;1;21;12
2;0;Giles, Mr. Frederick Edward;1;21;12
2;0;Giles, Mr. Ralph;1;24;14
2;0;Gill, Mr. John William;1;24;13
2;0;Gillespie, Mr. William Henry;1;34;13
2;0;Givard, Mr. Hans Kristensen;1;30;13
2;0;Greenberg, Mr. Samuel;1;52;13
2;0;Hale, Mr. Reginald;1;30;13
2;1;Hamalainen, Master. Viljo;1;1;15
2;1;Hamalainen, Mrs. William (Anna);2;24;15
2;0;Harbeck, Mr. William H;1;44;13
2;1;"Harper, Miss. Annie Jessie ""Nina""";2;6;33
2;0;Harper, Rev. John;1;28;33
2;1;Harris, Mr. George;1;62;11
2;0;Harris, Mr. Walter;1;30;11
2;1;Hart, Miss. Eva Miriam;2;7;26
2;0;Hart, Mr. Benjamin;1;43;26
2;1;Hart, Mrs. Benjamin (Esther Ada Bloomfield);2;45;26
2;1;Herman, Miss. Alice;2;24;65
2;1;Herman, Miss. Kate;2;24;65
2;0;Herman, Mr. Samuel;1;49;65
2;1;Herman, Mrs. Samuel (Jane Laver);2;48;65
2;1;Hewlett, Mrs. (Mary D Kingcome) ;2;55;16
2;0;Hickman, Mr. Leonard Mark;1;24;74
2;0;Hickman, Mr. Lewis;1;32;74
2;0;Hickman, Mr. Stanley George;1;21;74
2;0;Hiltunen, Miss. Marta;2;18;13
2;1;"Hocking, Miss. Ellen ""Nellie""";2;20;23
2;0;Hocking, Mr. Richard George;1;23;12
2;0;Hocking, Mr. Samuel James Metcalfe;1;36;13
2;1;Hocking, Mrs. Elizabeth (Eliza Needs);2;54;23
2;0;Hodges, Mr. Henry Price;1;50;13
2;0;Hold, Mr. Stephen;1;44;26
2;1;Hold, Mrs. Stephen (Annie Margaret Hill);2;29;26
2;0;Hood, Mr. Ambrose Jr;1;21;74
2;1;Hosono, Mr. Masabumi;1;42;13
2;0;Howard, Mr. Benjamin;1;63;26
2;0;Howard, Mrs. Benjamin (Ellen Truelove Arman);2;60;26
2;0;Hunt, Mr. George Henry;1;33;12
2;1;Ilett, Miss. Bertha;2;17;11
2;0;Jacobsohn, Mr. Sidney Samuel;1;42;27
2;1;Jacobsohn, Mrs. Sidney Samuel (Amy Frances Christy);2;24;27
2;0;Jarvis, Mr. John Denzil;1;47;15
2;0;Jefferys, Mr. Clifford Thomas;1;24;32
2;0;Jefferys, Mr. Ernest Wilfred;1;22;32
2;0;Jenkin, Mr. Stephen Curnow;1;32;11
2;1;Jerwan, Mrs. Amin S (Marie Marthe Thuillard);2;23;14
2;0;Kantor, Mr. Sinai;1;34;26
2;1;Kantor, Mrs. Sinai (Miriam Sternin);2;24;26
2;0;Karnes, Mrs. J Frank (Claire Bennett);2;22;21
2;1;Keane, Miss. Nora A;2;;12
2;0;Keane, Mr. Daniel;1;35;12
2;1;"Kelly, Mrs. Florence ""Fannie""";2;45;14
2;0;Kirkland, Rev. Charles Leonard;1;57;12
2;0;Knight, Mr. Robert J;1;;0
2;0;Kvillner, Mr. Johan Henrik Johannesson;1;31;11
2;0;Lahtinen, Mrs. William (Anna Sylfven);2;26;26
2;0;Lahtinen, Rev. William;1;30;26
2;0;Lamb, Mr. John Joseph;1;;11
2;1;Laroche, Miss. Louise;2;1;42
2;1;Laroche, Miss. Simonne Marie Anne Andree;2;3;42
2;0;Laroche, Mr. Joseph Philippe Lemercier;1;25;42
2;1;Laroche, Mrs. Joseph (Juliette Marie Louise Lafargue);2;22;42
2;1;Lehmann, Miss. Bertha;2;17;12
2;1;Leitch, Miss. Jessie Wills;2;;33
2;1;Lemore, Mrs. (Amelia Milley);2;34;11
2;0;Levy, Mr. Rene Jacques;1;36;13
2;0;Leyson, Mr. Robert William Norman;1;24;11
2;0;Lingane, Mr. John;1;61;12
2;0;Louch, Mr. Charles Alexander;1;50;26
2;1;Louch, Mrs. Charles Alexander (Alice Adelaide Slow);2;42;26
2;0;Mack, Mrs. (Mary);2;57;11
2;0;Malachard, Mr. Noel;1;;15
2;1;Mallet, Master. Andre;1;1;37
2;0;Mallet, Mr. Albert;1;31;37
2;1;Mallet, Mrs. Albert (Antoinette Magnin);2;24;37
2;0;Mangiavacchi, Mr. Serafino Emilio;1;;16
2;0;Matthews, Mr. William John;1;30;13
2;0;Maybery, Mr. Frank Hubert;1;40;16
2;0;McCrae, Mr. Arthur Gordon;1;32;14
2;0;McCrie, Mr. James Matthew;1;30;13
2;0;McKane, Mr. Peter David;1;46;26
2;1;Mellinger, Miss. Madeleine Violet;2;13;20
2;1;Mellinger, Mrs. (Elizabeth Anne Maidment);2;41;20
2;1;Mellors, Mr. William John;1;19;11
2;0;Meyer, Mr. August;1;39;13
2;0;Milling, Mr. Jacob Christian;1;48;13
2;0;Mitchell, Mr. Henry Michael;1;70;11
2;0;Montvila, Rev. Juozas;1;27;13
2;0;Moraweck, Dr. Ernest;1;54;14
2;0;"Morley, Mr. Henry Samuel (""Mr Henry Marshall"")";1;39;26
2;0;Mudd, Mr. Thomas Charles;1;16;11
2;0;Myles, Mr. Thomas Francis;1;62;10
2;0;Nasser, Mr. Nicholas;1;33;30
2;1;Nasser, Mrs. Nicholas (Adele Achem);2;14;30
2;1;Navratil, Master. Edmond Roger;1;2;26
2;1;Navratil, Master. Michel M;1;3;26
2;0;"Navratil, Mr. Michel (""Louis M Hoffman"")";1;37;26
2;0;Nesson, Mr. Israel;1;26;13
2;0;Nicholls, Mr. Joseph Charles;1;19;37
2;0;Norman, Mr. Robert Douglas;1;28;14
2;1;"Nourney, Mr. Alfred (""Baron von Drachstedt"")";1;20;14
2;1;Nye, Mrs. (Elizabeth Ramell);2;29;11
2;0;Otter, Mr. Richard;1;39;13
2;1;Oxenham, Mr. Percy Thomas;1;22;11
2;1;Padro y Manent, Mr. Julian;1;;14
2;0;Pain, Dr. Alfred;1;23;11
2;1;Pallas y Castello, Mr. Emilio;1;29;14
2;0;Parker, Mr. Clifford Richard;1;28;11
2;0;"Parkes, Mr. Francis ""Frank""";1;;0
2;1;Parrish, Mrs. (Lutie Davis);2;50;26
2;0;Pengelly, Mr. Frederick William;1;19;11
2;0;Pernot, Mr. Rene;1;;15
2;0;Peruschitz, Rev. Joseph Maria;1;41;13
2;1;Phillips, Miss. Alice Frances Louisa;2;21;21
2;1;"Phillips, Miss. Kate Florence (""Mrs Kate Louise Phillips Marshall"")";2;19;26
2;0;Phillips, Mr. Escott Robert;1;43;21
2;1;Pinsky, Mrs. (Rosa);2;32;13
2;0;Ponesell, Mr. Martin;1;34;13
2;1;Portaluppi, Mr. Emilio Ilario Giuseppe;1;30;13
2;0;Pulbaum, Mr. Franz;1;27;15
2;1;Quick, Miss. Phyllis May;2;2;26
2;1;Quick, Miss. Winifred Vera;2;8;26
2;1;Quick, Mrs. Frederick Charles (Jane Richards);2;33;26
2;0;Reeves, Mr. David;1;36;11
2;0;Renouf, Mr. Peter Henry;1;34;21
2;1;Renouf, Mrs. Peter Henry (Lillian Jefferys);2;30;21
2;1;Reynaldo, Ms. Encarnacion;2;28;13
2;0;Richard, Mr. Emile;1;23;15
2;1;Richards, Master. George Sibley;1;1;19
2;1;Richards, Master. William Rowe;1;3;19
2;1;Richards, Mrs. Sidney (Emily Hocking);2;24;19
2;1;Ridsdale, Miss. Lucy;2;50;11
2;0;Rogers, Mr. Reginald Harry;1;19;11
2;1;Rugg, Miss. Emily;2;21;11
2;0;Schmidt, Mr. August;1;26;13
2;0;Sedgwick, Mr. Charles Frederick Waddington;1;25;13
2;0;Sharp, Mr. Percival James R;1;27;26
2;1;Shelley, Mrs. William (Imanita Parrish Hall);2;25;26
2;1;Silven, Miss. Lyyli Karoliina;2;18;13
2;1;Sincock, Miss. Maude;2;20;37
2;1;Sinkkonen, Miss. Anna;2;30;13
2;0;Sjostedt, Mr. Ernst Adolf;1;59;14
2;1;Slayter, Miss. Hilda Mary;2;30;12
2;0;Slemen, Mr. Richard James;1;35;11
2;1;Smith, Miss. Marion Elsie;2;40;13
2;0;Sobey, Mr. Samuel James Hayden;1;25;13
2;0;Stanton, Mr. Samuel Ward;1;41;15
2;0;Stokes, Mr. Philip Joseph;1;25;11
2;0;Swane, Mr. George;1;19;13
2;0;Sweet, Mr. George Frederick;1;14;65
2;1;Toomey, Miss. Ellen;2;50;11
2;0;Troupiansky, Mr. Moses Aaron;1;23;13
2;1;Trout, Mrs. William H (Jessie L);2;28;13
2;1;"Troutt, Miss. Edwina Celia ""Winnie""";2;27;11
2;0;Turpin, Mr. William John Robert;1;29;21
2;0;Turpin, Mrs. William John Robert (Dorothy Ann Wonnacott);2;27;21
2;0;Veal, Mr. James;1;40;13
2;1;Walcroft, Miss. Nellie;2;31;21
2;0;Ware, Mr. John James;1;30;21
2;0;Ware, Mr. William Jeffery;1;23;11
2;1;Ware, Mrs. John James (Florence Louise Long);2;31;21
2;0;Watson, Mr. Ennis Hastings;1;;0
2;1;Watt, Miss. Bertha J;2;12;16
2;1;"Watt, Mrs. James (Elizabeth ""Bessie"" Inglis Milne)";2;40;16
2;1;Webber, Miss. Susan;2;33;13
2;0;Weisz, Mr. Leopold;1;27;26
2;1;Weisz, Mrs. Leopold (Mathilde Francoise Pede);2;29;26
2;1;Wells, Master. Ralph Lester;1;2;23
2;1;Wells, Miss. Joan;2;4;23
2;1;"Wells, Mrs. Arthur Henry (""Addie"" Dart Trevaskis)";2;29;23
2;1;West, Miss. Barbara J;2;1;28
2;1;West, Miss. Constance Mirium;2;5;28
2;0;West, Mr. Edwy Arthur;1;36;28
2;1;West, Mrs. Edwy Arthur (Ada Mary Worth);2;33;28
2;0;Wheadon, Mr. Edward H;1;66;11
2;0;"Wheeler, Mr. Edwin ""Frederick""";1;;13
2;1;Wilhelms, Mr. Charles;1;31;13
2;1;Williams, Mr. Charles Eugene;1;;13
2;1;Wright, Miss. Marion;2;26;14
2;0;"Yrois, Miss. Henriette (""Mrs Harbeck"")";2;24;13
3;0;Abbing, Mr. Anthony;1;42;8
3;0;Abbott, Master. Eugene Joseph;1;13;20
3;0;Abbott, Mr. Rossmore Edward;1;16;20
3;1;Abbott, Mrs. Stanton (Rosa Hunt);2;35;20
3;1;Abelseth, Miss. Karen Marie;2;16;8
3;1;Abelseth, Mr. Olaus Jorgensen;1;25;8
3;1;Abrahamsson, Mr. Abraham August Johannes;1;20;8
3;1;Abrahim, Mrs. Joseph (Sophie Halaut Easu);2;18;7
3;0;Adahl, Mr. Mauritz Nils Martin;1;30;7
3;0;Adams, Mr. John;1;26;8
3;0;Ahlin, Mrs. Johan (Johanna Persdotter Larsson);2;40;9
3;1;Aks, Master. Philip Frank;1;1;9
3;1;Aks, Mrs. Sam (Leah Rosen);2;18;9
3;1;Albimona, Mr. Nassef Cassem;1;26;19
3;0;Alexander, Mr. William;1;26;8
3;0;Alhomaki, Mr. Ilmari Rudolf;1;20;8
3;0;Ali, Mr. Ahmed;1;24;7
3;0;Ali, Mr. William;1;25;7
3;0;Allen, Mr. William Henry;1;35;8
3;0;Allum, Mr. Owen George;1;18;8
3;0;Andersen, Mr. Albert Karvin;1;32;23
3;1;Andersen-Jensen, Miss. Carla Christine Nielsine;2;19;8
3;0;Andersson, Master. Sigvard Harald Elias;1;4;31
3;0;Andersson, Miss. Ebba Iris Alfrida;2;6;31
3;0;Andersson, Miss. Ellis Anna Maria;2;2;31
3;1;Andersson, Miss. Erna Alexandra;2;17;8
3;0;Andersson, Miss. Ida Augusta Margareta;2;38;8
3;0;Andersson, Miss. Ingeborg Constanzia;2;9;31
3;0;Andersson, Miss. Sigrid Elisabeth;2;11;31
3;0;Andersson, Mr. Anders Johan;1;39;31
3;1;"Andersson, Mr. August Edvard (""Wennerstrom"")";1;27;8
3;0;Andersson, Mr. Johan Samuel;1;26;8
3;0;Andersson, Mrs. Anders Johan (Alfrida Konstantia Brogren);2;39;31
3;0;Andreasson, Mr. Paul Edvin;1;20;8
3;0;Angheloff, Mr. Minko;1;26;8
3;0;Arnold-Franchi, Mr. Josef;1;25;18
3;0;Arnold-Franchi, Mrs. Josef (Josefine Franchi);2;18;18
3;0;Aronsson, Mr. Ernst Axel Algot;1;24;8
3;0;Asim, Mr. Adola;1;35;7
3;0;Asplund, Master. Carl Edgar;1;5;31
3;0;Asplund, Master. Clarence Gustaf Hugo;1;9;31
3;1;Asplund, Master. Edvin Rojj Felix;1;3;31
3;0;Asplund, Master. Filip Oscar;1;13;31
3;1;Asplund, Miss. Lillian Gertrud;2;5;31
3;0;Asplund, Mr. Carl Oscar Vilhelm Gustafsson;1;40;31
3;1;Asplund, Mr. Johan Charles;1;23;8
3;1;Asplund, Mrs. Carl Oscar (Selma Augusta Emilia Johansson);2;38;31
3;1;"Assaf Khalil, Mrs. Mariana (""Miriam"")";2;45;7
3;0;Assaf, Mr. Gerios;1;21;7
3;0;Assam, Mr. Ali;1;23;7
3;0;Attalah, Miss. Malake;2;17;14
3;0;Attalah, Mr. Sleiman;1;30;7
3;0;Augustsson, Mr. Albert;1;23;8
3;1;Ayoub, Miss. Banoura;2;13;7
3;0;Baccos, Mr. Raffull;1;20;7
3;0;Backstrom, Mr. Karl Alfred;1;32;16
3;1;Backstrom, Mrs. Karl Alfred (Maria Mathilda Gustafsson);2;33;16
3;1;Baclini, Miss. Eugenie;2;1;19
3;1;Baclini, Miss. Helene Barbara;2;1;19
3;1;Baclini, Miss. Marie Catherine;2;5;19
3;1;Baclini, Mrs. Solomon (Latifa Qurban);2;24;19
3;1;Badman, Miss. Emily Louisa;2;18;8
3;0;Badt, Mr. Mohamed;1;40;7
3;0;Balkic, Mr. Cerin;1;26;8
3;1;Barah, Mr. Hanna Assi;1;20;7
3;0;Barbara, Miss. Saiide;2;18;14
3;0;Barbara, Mrs. (Catherine David);2;45;14
3;0;Barry, Miss. Julia;2;27;8
3;0;Barton, Mr. David John;1;22;8
3;0;Beavan, Mr. William Thomas;1;19;8
3;0;Bengtsson, Mr. John Viktor;1;26;8
3;0;Berglund, Mr. Karl Ivar Sven;1;22;9
3;0;Betros, Master. Seman;1;;7
3;0;Betros, Mr. Tannous;1;20;4
3;1;Bing, Mr. Lee;1;32;56
3;0;Birkeland, Mr. Hans Martin Monsen;1;21;8
3;0;Bjorklund, Mr. Ernst Herbert;1;18;8
3;0;Bostandyeff, Mr. Guentcho;1;26;8
3;0;Boulos, Master. Akar;1;6;15
3;0;Boulos, Miss. Nourelain;2;9;15
3;0;Boulos, Mr. Hanna;1;;7
3;0;Boulos, Mrs. Joseph (Sultana);2;;15
3;0;Bourke, Miss. Mary;2;;8
3;0;Bourke, Mr. John;1;40;16
3;0;Bourke, Mrs. John (Catherine);2;32;16
3;0;"Bowen, Mr. David John ""Dai""";1;21;16
3;1;Bradley, Miss. Bridget Delia;2;22;8
3;0;Braf, Miss. Elin Ester Maria;2;20;8
3;0;Braund, Mr. Lewis Richard;1;29;7
3;0;Braund, Mr. Owen Harris;1;22;7
3;0;Brobeck, Mr. Karl Rudolf;1;22;8
3;0;Brocklebank, Mr. William Alfred;1;35;8
3;0;Buckley, Miss. Katherine;2;19;7
3;1;Buckley, Mr. Daniel;1;21;8
3;0;Burke, Mr. Jeremiah;1;19;7
3;0;Burns, Miss. Mary Delia;2;18;8
3;0;Cacic, Miss. Manda;2;21;9
3;0;Cacic, Miss. Marija;2;30;9
3;0;Cacic, Mr. Jego Grga;1;18;9
3;0;Cacic, Mr. Luka;1;38;9
3;0;Calic, Mr. Jovo;1;17;9
3;0;Calic, Mr. Petar;1;17;9
3;0;Canavan, Miss. Mary;2;21;8
3;0;Canavan, Mr. Patrick;1;21;8
3;0;Cann, Mr. Ernest Charles;1;21;8
3;0;Caram, Mr. Joseph;1;;14
3;0;Caram, Mrs. Joseph (Maria Elias);2;;14
3;0;Carlsson, Mr. August Sigfrid;1;28;8
3;0;Carlsson, Mr. Carl Robert;1;24;8
3;1;"Carr, Miss. Helen ""Ellen""";2;16;8
3;0;Carr, Miss. Jeannie;2;37;8
3;0;Carver, Mr. Alfred John;1;28;7
3;0;Celotti, Mr. Francesco;1;24;8
3;0;Charters, Mr. David;1;21;8
3;1;Chip, Mr. Chang;1;32;56
3;0;Christmann, Mr. Emil;1;29;8
3;0;Chronopoulos, Mr. Apostolos;1;26;14
3;0;Chronopoulos, Mr. Demetrios;1;18;14
3;0;Coelho, Mr. Domingos Fernandeo;1;20;7
3;1;"Cohen, Mr. Gurshon ""Gus""";1;18;8
3;0;Colbert, Mr. Patrick;1;24;7
3;0;Coleff, Mr. Peju;1;36;7
3;0;Coleff, Mr. Satio;1;24;7
3;0;Conlon, Mr. Thomas Henry;1;31;8
3;0;Connaghton, Mr. Michael;1;31;8
3;1;Connolly, Miss. Kate;2;22;8
3;0;Connolly, Miss. Kate;2;30;8
3;0;Connors, Mr. Patrick;1;71;8
3;0;Cook, Mr. Jacob;1;43;8
3;0;Cor, Mr. Bartol;1;35;8
3;0;Cor, Mr. Ivan;1;27;8
3;0;Cor, Mr. Liudevit;1;19;8
3;0;Corn, Mr. Harry;1;30;8
3;1;"Coutts, Master. Eden Leslie ""Neville""";1;9;16
3;1;"Coutts, Master. William Loch ""William""";1;3;16
3;1;"Coutts, Mrs. William (Winnie ""Minnie"" Treanor)";2;36;16
3;0;Coxon, Mr. Daniel;1;59;7
3;0;Crease, Mr. Ernest James;1;19;8
3;1;Cribb, Miss. Laura Alice;2;17;16
3;0;Cribb, Mr. John Hatfield;1;44;16
3;0;Culumovic, Mr. Jeso;1;17;9
3;0;Daher, Mr. Shedid;1;23;7
3;1;Dahl, Mr. Karl Edwart;1;45;8
3;0;Dahlberg, Miss. Gerda Ulrika;2;22;11
3;0;Dakic, Mr. Branko;1;19;10
3;1;"Daly, Miss. Margaret Marcella ""Maggie""";2;30;7
3;1;Daly, Mr. Eugene Patrick;1;29;8
3;0;Danbom, Master. Gilbert Sigvard Emanuel;1;0;14
3;0;Danbom, Mr. Ernst Gilbert;1;34;14
3;0;Danbom, Mrs. Ernst Gilbert (Anna Sigrid Maria Brogren);2;28;14
3;0;Danoff, Mr. Yoto;1;27;8
3;0;Dantcheff, Mr. Ristiu;1;25;8
3;0;Davies, Mr. Alfred J;1;24;24
3;0;Davies, Mr. Evan;1;22;8
3;0;Davies, Mr. John Samuel;1;21;24
3;0;Davies, Mr. Joseph;1;17;8
3;0;Davison, Mr. Thomas Henry;1;;16
3;1;Davison, Mrs. Thomas Henry (Mary E Finck);2;;16
3;1;de Messemaeker, Mr. Guillaume Joseph;1;37;17
3;1;de Messemaeker, Mrs. Guillaume Joseph (Emma);2;36;17
3;1;de Mulder, Mr. Theodore;1;30;10
3;0;de Pelsmaeker, Mr. Alfons;1;16;10
3;1;Dean, Master. Bertram Vere;1;1;21
3;1;"Dean, Miss. Elizabeth Gladys ""Millvina""";2;0;21
3;0;Dean, Mr. Bertram Frank;1;26;21
3;1;Dean, Mrs. Bertram (Eva Georgetta Light);2;33;21
3;0;Delalic, Mr. Redjo;1;25;8
3;0;Demetri, Mr. Marinko;1;;8
3;0;Denkoff, Mr. Mitto;1;;8
3;0;Dennis, Mr. Samuel;1;22;7
3;0;Dennis, Mr. William;1;36;7
3;1;Devaney, Miss. Margaret Delia;2;19;8
3;0;Dika, Mr. Mirko;1;17;8
3;0;Dimic, Mr. Jovan;1;42;9
3;0;Dintcheff, Mr. Valtcho;1;43;8
3;0;Doharr, Mr. Tannous;1;;7
3;0;Dooley, Mr. Patrick;1;32;8
3;1;Dorking, Mr. Edward Arthur;1;19;8
3;1;Dowdell, Miss. Elizabeth;2;30;12
3;0;Doyle, Miss. Elizabeth;2;24;8
3;1;Drapkin, Miss. Jennie;2;23;8
3;0;Drazenoic, Mr. Jozef;1;33;8
3;0;Duane, Mr. Frank;1;65;8
3;1;Duquemin, Mr. Joseph;1;24;8
3;0;Dyker, Mr. Adolf Fredrik;1;23;14
3;1;Dyker, Mrs. Adolf Fredrik (Anna Elisabeth Judith Andersson);2;22;14
3;0;Edvardsson, Mr. Gustaf Hjalmar;1;18;8
3;0;Eklund, Mr. Hans Linus;1;16;8
3;0;Ekstrom, Mr. Johan;1;45;7
3;0;Elias, Mr. Dibo;1;;7
3;0;Elias, Mr. Joseph;1;39;7
3;0;Elias, Mr. Joseph Jr;1;17;7
3;0;Elias, Mr. Tannous;1;15;7
3;0;Elsbury, Mr. William James;1;47;7
3;1;Emanuel, Miss. Virginia Ethel;2;5;12
3;0;Emir, Mr. Farred Chehab;1;;7
3;0;Everett, Mr. Thomas James;1;41;15
3;0;Farrell, Mr. James;1;41;8
3;1;Finoli, Mr. Luigi;1;;7
3;0;Fischer, Mr. Eberhard Thelander;1;18;8
3;0;Fleming, Miss. Honora;2;;8
3;0;Flynn, Mr. James;1;;8
3;0;Flynn, Mr. John;1;;7
3;0;Foley, Mr. Joseph;1;26;8
3;0;Foley, Mr. William;1;;8
3;1;Foo, Mr. Choong;1;;56
3;0;"Ford, Miss. Doolina Margaret ""Daisy""";2;21;34
3;0;"Ford, Miss. Robina Maggie ""Ruby""";2;9;34
3;0;Ford, Mr. Arthur;1;;8
3;0;Ford, Mr. Edward Watson;1;18;34
3;0;Ford, Mr. William Neal;1;16;34
3;0;Ford, Mrs. Edward (Margaret Ann Watson);2;48;34
3;0;Fox, Mr. Patrick;1;;8
3;0;Franklin, Mr. Charles (Charles Fardon);1;;7
3;0;Gallagher, Mr. Martin;1;25;8
3;0;Garfirth, Mr. John;1;;15
3;0;Gheorgheff, Mr. Stanio;1;;8
3;0;Gilinski, Mr. Eliezer;1;22;8
3;1;"Gilnagh, Miss. Katherine ""Katie""";2;16;8
3;1;Glynn, Miss. Mary Agatha;2;;8
3;1;"Goldsmith, Master. Frank John William ""Frankie""";1;9;21
3;0;Goldsmith, Mr. Frank John;1;33;21
3;0;Goldsmith, Mr. Nathan;1;41;8
3;1;Goldsmith, Mrs. Frank John (Emily Alice Brown);2;31;21
3;0;Goncalves, Mr. Manuel Estanslas;1;38;7
3;0;Goodwin, Master. Harold Victor;1;9;47
3;0;Goodwin, Master. Sidney Leonard;1;1;47
3;0;Goodwin, Master. William Frederick;1;11;47
3;0;Goodwin, Miss. Jessie Allis;2;10;47
3;0;Goodwin, Miss. Lillian Amy;2;16;47
3;0;Goodwin, Mr. Charles Edward;1;14;47
3;0;Goodwin, Mr. Charles Frederick;1;40;47
3;0;Goodwin, Mrs. Frederick (Augusta Tyler);2;43;47
3;0;Green, Mr. George Henry;1;51;8
3;0;Gronnestad, Mr. Daniel Danielsen;1;32;8
3;0;Guest, Mr. Robert;1;;8
3;0;Gustafsson, Mr. Alfred Ossian;1;20;10
3;0;Gustafsson, Mr. Anders Vilhelm;1;37;8
3;0;Gustafsson, Mr. Johan Birger;1;28;8
3;0;Gustafsson, Mr. Karl Gideon;1;19;8
3;0;Haas, Miss. Aloisia;2;24;9
3;0;Hagardon, Miss. Kate;2;17;8
3;0;Hagland, Mr. Ingvald Olai Olsen;1;;20
3;0;Hagland, Mr. Konrad Mathias Reiersen;1;;20
3;0;Hakkarainen, Mr. Pekka Pietari;1;28;16
3;1;Hakkarainen, Mrs. Pekka Pietari (Elin Matilda Dolck);2;24;16
3;0;Hampe, Mr. Leon;1;20;10
3;0;Hanna, Mr. Mansour;1;24;7
3;0;Hansen, Mr. Claus Peter;1;41;14
3;0;Hansen, Mr. Henrik Juul;1;26;8
3;0;Hansen, Mr. Henry Damsgaard;1;21;8
3;1;Hansen, Mrs. Claus Peter (Jennie L Howard);2;45;14
3;0;Harknett, Miss. Alice Phoebe;2;;8
3;0;Harmer, Mr. Abraham (David Lishin);1;25;7
3;0;Hart, Mr. Henry;1;;7
3;0;Hassan, Mr. Houssein G N;1;11;19
3;1;"Healy, Miss. Hanora ""Nora""";2;;8
3;1;Hedman, Mr. Oskar Arvid;1;27;7
3;1;Hee, Mr. Ling;1;;56
3;0;"Hegarty, Miss. Hanora ""Nora""";2;18;7
3;1;Heikkinen, Miss. Laina;2;26;8
3;0;Heininen, Miss. Wendla Maria;2;23;8
3;1;Hellstrom, Miss. Hilda Maria;2;22;9
3;0;Hendekovic, Mr. Ignjac;1;28;8
3;0;Henriksson, Miss. Jenny Lovisa;2;28;8
3;0;Henry, Miss. Delia;2;;8
3;1;Hirvonen, Miss. Hildur E;2;2;12
3;1;Hirvonen, Mrs. Alexander (Helga E Lindqvist);2;22;12
3;0;Holm, Mr. John Fredrik Alexander;1;43;6
3;0;Holthen, Mr. Johan Martin;1;28;23
3;1;Honkanen, Miss. Eliina;2;27;8
3;0;Horgan, Mr. John;1;;8
3;1;Howard, Miss. May Elizabeth;2;;8
3;0;Humblen, Mr. Adolf Mathias Nicolai Olsen;1;42;8
3;1;Hyman, Mr. Abraham;1;;8
3;0;Ibrahim Shawah, Mr. Yousseff;1;30;7
3;0;Ilieff, Mr. Ylio;1;;8
3;0;Ilmakangas, Miss. Ida Livija;2;27;8
3;0;Ilmakangas, Miss. Pieta Sofia;2;25;8
3;0;Ivanoff, Mr. Kanio;1;;8
3;1;Jalsevac, Mr. Ivan;1;29;8
3;1;Jansson, Mr. Carl Olof;1;21;8
3;0;Jardin, Mr. Jose Neto;1;;7
3;0;Jensen, Mr. Hans Peder;1;20;8
3;0;Jensen, Mr. Niels Peder;1;48;8
3;0;Jensen, Mr. Svend Lauritz;1;17;7
3;1;Jermyn, Miss. Annie;2;;8
3;1;Johannesen-Bratthammer, Mr. Bernt;1;;8
3;0;Johanson, Mr. Jakob Alfred;1;34;6
3;1;Johansson Palmquist, Mr. Oskar Leander;1;26;8
3;0;Johansson, Mr. Erik;1;22;8
3;0;Johansson, Mr. Gustaf Joel;1;33;9
3;0;Johansson, Mr. Karl Johan;1;31;8
3;0;Johansson, Mr. Nils;1;29;8
3;1;Johnson, Master. Harold Theodor;1;4;11
3;1;Johnson, Miss. Eleanor Ileen;2;1;11
3;0;Johnson, Mr. Alfred;1;49;0
3;0;Johnson, Mr. Malkolm Joackim;1;33;8
3;0;Johnson, Mr. William Cahoone Jr;1;19;0
3;1;Johnson, Mrs. Oscar W (Elisabeth Vilhelmina Berg);2;27;11
3;0;"Johnston, Master. William Arthur ""Willie""";1;;23
3;0;"Johnston, Miss. Catherine Helen ""Carrie""";2;;23
3;0;Johnston, Mr. Andrew G;1;;23
3;0;"Johnston, Mrs. Andrew G (Elizabeth ""Lily"" Watson)";2;;23
3;0;Jonkoff, Mr. Lalio;1;23;8
3;1;Jonsson, Mr. Carl;1;32;8
3;0;Jonsson, Mr. Nils Hilding;1;27;8
3;0;Jussila, Miss. Katriina;2;20;10
3;0;Jussila, Miss. Mari Aina;2;21;10
3;1;Jussila, Mr. Eiriik;1;32;8
3;0;Kallio, Mr. Nikolai Erland;1;17;7
3;0;Kalvik, Mr. Johannes Halvorsen;1;21;8
3;0;Karaic, Mr. Milan;1;30;8
3;1;Karlsson, Mr. Einar Gervasius;1;21;8
3;0;Karlsson, Mr. Julius Konrad Eugen;1;33;8
3;0;Karlsson, Mr. Nils August;1;22;8
3;1;Karun, Miss. Manca;2;4;13
3;1;Karun, Mr. Franz;1;39;13
3;0;Kassem, Mr. Fared;1;;7
3;0;"Katavelas, Mr. Vassilios (""Catavelas Vassilios"")";1;19;7
3;0;"Keane, Mr. Andrew ""Andy""";1;;8
3;0;Keefe, Mr. Arthur;1;;7
3;1;"Kelly, Miss. Anna Katherine ""Annie Kate""";2;;8
3;1;Kelly, Miss. Mary;2;;8
3;0;Kelly, Mr. James;1;35;8
3;0;Kelly, Mr. James;1;44;8
3;1;Kennedy, Mr. John;1;;8
3;0;Khalil, Mr. Betros;1;;14
3;0;"Khalil, Mrs. Betros (Zahie ""Maria"" Elias)";2;;14
3;0;Kiernan, Mr. John;1;;8
3;0;Kiernan, Mr. Philip;1;;8
3;0;Kilgannon, Mr. Thomas J;1;;8
3;0;Kink, Miss. Maria;2;22;9
3;0;Kink, Mr. Vincenz;1;26;9
3;1;Kink-Heilmann, Miss. Luise Gretchen;2;4;22
3;1;Kink-Heilmann, Mr. Anton;1;29;22
3;1;Kink-Heilmann, Mrs. Anton (Luise Heilmann);2;26;22
3;0;Klasen, Miss. Gertrud Emilia;2;1;12
3;0;Klasen, Mr. Klas Albin;1;18;8
3;0;Klasen, Mrs. (Hulda Kristina Eugenia Lofqvist);2;36;12
3;0;Kraeff, Mr. Theodor;1;;8
3;1;Krekorian, Mr. Neshan;1;25;7
3;0;Lahoud, Mr. Sarkis;1;;7
3;0;Laitinen, Miss. Kristina Sofia;2;37;10
3;0;Laleff, Mr. Kristo;1;;8
3;1;Lam, Mr. Ali;1;;56
3;0;Lam, Mr. Len;1;;56
3;1;Landergren, Miss. Aurora Adelia;2;22;7
3;0;Lane, Mr. Patrick;1;;8
3;1;Lang, Mr. Fang;1;26;56
3;0;Larsson, Mr. August Viktor;1;29;9
3;0;Larsson, Mr. Bengt Edvin;1;29;8
3;0;Larsson-Rondberg, Mr. Edvard A;1;22;8
3;1;"Leeni, Mr. Fahim (""Philip Zenni"")";1;22;7
3;0;Lefebre, Master. Henry Forbes;1;;25
3;0;Lefebre, Miss. Ida;2;;25
3;0;Lefebre, Miss. Jeannie;2;;25
3;0;Lefebre, Miss. Mathilde;2;;25
3;0;Lefebre, Mrs. Frank (Frances);2;;25
3;0;Leinonen, Mr. Antti Gustaf;1;32;8
3;0;Lemberopolous, Mr. Peter L;1;35;6
3;0;Lennon, Miss. Mary;2;;16
3;0;Lennon, Mr. Denis;1;;16
3;0;Leonard, Mr. Lionel;1;36;0
3;0;Lester, Mr. James;1;39;24
3;0;Lievens, Mr. Rene Aime;1;24;10
3;0;Lindahl, Miss. Agda Thorilda Viktoria;2;25;8
3;0;Lindblom, Miss. Augusta Charlotta;2;45;8
3;0;Lindell, Mr. Edvard Bengtsson;1;36;16
3;0;Lindell, Mrs. Edvard Bengtsson (Elin Gerda Persson);2;30;16
3;1;Lindqvist, Mr. Eino William;1;20;8
3;0;Linehan, Mr. Michael;1;;8
3;0;Ling, Mr. Lee;1;28;56
3;0;Lithman, Mr. Simon;1;;8
3;0;Lobb, Mr. William Arthur;1;30;16
3;0;Lobb, Mrs. William Arthur (Cordelia K Stanlick);2;26;16
3;0;Lockyer, Mr. Edward;1;;8
3;0;"Lovell, Mr. John Hall (""Henry"")";1;21;7
3;1;Lulic, Mr. Nikola;1;27;9
3;0;Lundahl, Mr. Johan Svensson;1;51;7
3;1;Lundin, Miss. Olga Elida;2;23;8
3;1;Lundstrom, Mr. Thure Edvin;1;32;8
3;0;Lyntakoff, Mr. Stanko;1;;8
3;0;MacKay, Mr. George William;1;;8
3;1;"Madigan, Miss. Margaret ""Maggie""";2;;8
3;1;Madsen, Mr. Fridtjof Arne;1;24;7
3;0;Maenpaa, Mr. Matti Alexanteri;1;22;7
3;0;Mahon, Miss. Bridget Delia;2;;8
3;0;Mahon, Mr. John;1;;8
3;0;Maisner, Mr. Simon;1;;8
3;0;Makinen, Mr. Kalle Edvard;1;29;8
3;1;Mamee, Mr. Hanna;1;;7
3;0;Mangan, Miss. Mary;2;31;8
3;1;Mannion, Miss. Margareth;2;;8
3;0;Mardirosian, Mr. Sarkis;1;;7
3;0;Markoff, Mr. Marin;1;35;8
3;0;Markun, Mr. Johann;1;33;8
3;1;Masselmani, Mrs. Fatima;2;;7
3;0;Matinoff, Mr. Nicola;1;;8
3;1;"McCarthy, Miss. Catherine ""Katie""";2;;8
3;1;McCormack, Mr. Thomas Joseph;1;;8
3;1;McCoy, Miss. Agnes;2;;23
3;1;McCoy, Miss. Alicia;2;;23
3;1;McCoy, Mr. Bernard;1;;23
3;1;McDermott, Miss. Brigdet Delia;2;;8
3;0;McEvoy, Mr. Michael;1;;16
3;1;McGovern, Miss. Mary;2;;8
3;1;"McGowan, Miss. Anna ""Annie""";2;15;8
3;0;McGowan, Miss. Katherine;2;35;8
3;0;McMahon, Mr. Martin;1;;8
3;0;McNamee, Mr. Neal;1;24;16
3;0;McNamee, Mrs. Neal (Eileen O'Leary);2;19;16
3;0;McNeill, Miss. Bridget;2;;8
3;0;Meanwell, Miss. (Marion Ogden);2;;8
3;0;Meek, Mrs. Thomas (Annie Louise Rowley);2;;8
3;0;Meo, Mr. Alfonzo;1;56;8
3;0;Mernagh, Mr. Robert;1;;8
3;1;Midtsjo, Mr. Karl Albert;1;21;8
3;0;Miles, Mr. Frank;1;;8
3;0;Mineff, Mr. Ivan;1;24;8
3;0;Minkoff, Mr. Lazar;1;21;8
3;0;Mionoff, Mr. Stoytcho;1;28;8
3;0;Mitkoff, Mr. Mito;1;;8
3;1;"Mockler, Miss. Helen Mary ""Ellie""";2;;8
3;0;Moen, Mr. Sigurd Hansen;1;25;8
3;1;Moor, Master. Meier;1;6;12
3;1;Moor, Mrs. (Beila);2;27;12
3;0;Moore, Mr. Leonard Charles;1;;8
3;1;Moran, Miss. Bertha;2;;24
3;0;Moran, Mr. Daniel J;1;;24
3;0;Moran, Mr. James;1;;8
3;0;Morley, Mr. William;1;34;8
3;0;Morrow, Mr. Thomas Rowan;1;;8
3;1;Moss, Mr. Albert Johan;1;;8
3;1;Moubarek, Master. Gerios;1;;15
3;1;"Moubarek, Master. Halim Gonios (""William George"")";1;;15
3;1;"Moubarek, Mrs. George (Omine ""Amenia"" Alexander)";2;;15
3;1;Moussa, Mrs. (Mantoura Boulos);2;;7
3;0;Moutal, Mr. Rahamin Haim;1;;8
3;1;"Mullens, Miss. Katherine ""Katie""";2;;8
3;1;Mulvihill, Miss. Bertha E;2;24;8
3;0;Murdlin, Mr. Joseph;1;;8
3;1;"Murphy, Miss. Katherine ""Kate""";2;;16
3;1;Murphy, Miss. Margaret Jane;2;;16
3;1;Murphy, Miss. Nora;2;;16
3;0;Myhrman, Mr. Pehr Fabian Oliver Malkolm;1;18;8
3;0;Naidenoff, Mr. Penko;1;22;8
3;1;"Najib, Miss. Adele Kiamie ""Jane""";2;15;7
3;1;"Nakid, Miss. Maria (""Mary"")";2;1;16
3;1;Nakid, Mr. Sahid;1;20;16
3;1;"Nakid, Mrs. Said (Waika ""Mary"" Mowad)";2;19;16
3;0;Nancarrow, Mr. William Henry;1;33;8
3;0;Nankoff, Mr. Minko;1;;8
3;0;Nasr, Mr. Mustafa;1;;7
3;0;Naughton, Miss. Hannah;2;;8
3;0;Nenkoff, Mr. Christo;1;;8
3;1;Nicola-Yarred, Master. Elias;1;12;11
3;1;Nicola-Yarred, Miss. Jamila;2;14;11
3;0;Nieminen, Miss. Manta Josefina;2;29;8
3;0;Niklasson, Mr. Samuel;1;28;8
3;1;Nilsson, Miss. Berta Olivia;2;18;8
3;1;Nilsson, Miss. Helmina Josefina;2;26;8
3;0;Nilsson, Mr. August Ferdinand;1;21;8
3;0;Nirva, Mr. Iisakki Antino Aijo;1;41;7
3;1;Niskanen, Mr. Juha;1;39;8
3;0;Nosworthy, Mr. Richard Cater;1;21;8
3;0;Novel, Mr. Mansouer;1;29;7
3;1;Nysten, Miss. Anna Sofia;2;22;8
3;0;Nysveen, Mr. Johan Hansen;1;61;6
3;0;O'Brien, Mr. Thomas;1;;16
3;0;O'Brien, Mr. Timothy;1;;8
3;1;"O'Brien, Mrs. Thomas (Johanna ""Hannah"" Godfrey)";2;;16
3;0;O'Connell, Mr. Patrick D;1;;8
3;0;O'Connor, Mr. Maurice;1;;8
3;0;O'Connor, Mr. Patrick;1;;8
3;0;Odahl, Mr. Nils Martin;1;23;9
3;0;O'Donoghue, Ms. Bridget;2;;8
3;1;O'Driscoll, Miss. Bridget;2;;8
3;1;"O'Dwyer, Miss. Ellen ""Nellie""";2;;8
3;1;Ohman, Miss. Velin;2;22;8
3;1;O'Keefe, Mr. Patrick;1;;8
3;1;"O'Leary, Miss. Hanora ""Norah""";2;;8
3;1;Olsen, Master. Artur Karl;1;9;3
3;0;Olsen, Mr. Henry Margido;1;28;23
3;0;Olsen, Mr. Karl Siegwart Andreas;1;42;8
3;0;Olsen, Mr. Ole Martin;1;;7
3;0;Olsson, Miss. Elina;2;31;8
3;0;Olsson, Mr. Nils Johan Goransson;1;28;8
3;1;Olsson, Mr. Oscar Wilhelm;1;32;8
3;0;Olsvigen, Mr. Thor Anderson;1;20;9
3;0;Oreskovic, Miss. Jelka;2;23;9
3;0;Oreskovic, Miss. Marija;2;20;9
3;0;Oreskovic, Mr. Luka;1;20;9
3;0;Osen, Mr. Olaf Elon;1;16;9
3;1;Osman, Mrs. Mara;2;31;9
3;0;O'Sullivan, Miss. Bridget Mary;2;;8
3;0;Palsson, Master. Gosta Leonard;1;2;21
3;0;Palsson, Master. Paul Folke;1;6;21
3;0;Palsson, Miss. Stina Viola;2;3;21
3;0;Palsson, Miss. Torborg Danira;2;8;21
3;0;Palsson, Mrs. Nils (Alma Cornelia Berglund);2;29;21
3;0;Panula, Master. Eino Viljami;1;1;40
3;0;Panula, Master. Juha Niilo;1;7;40
3;0;Panula, Master. Urho Abraham;1;2;40
3;0;Panula, Mr. Ernesti Arvid;1;16;40
3;0;Panula, Mr. Jaako Arnold;1;14;40
3;0;Panula, Mrs. Juha (Maria Emilia Ojala);2;41;40
3;0;Pasic, Mr. Jakob;1;21;9
3;0;Patchett, Mr. George;1;19;15
3;0;Paulner, Mr. Uscher;1;;9
3;0;Pavlovic, Mr. Stefo;1;32;8
3;0;Peacock, Master. Alfred Edward;1;1;14
3;0;Peacock, Miss. Treasteall;2;3;14
3;0;Peacock, Mrs. Benjamin (Edith Nile);2;26;14
3;0;Pearce, Mr. Ernest;1;;7
3;0;Pedersen, Mr. Olaf;1;;8
3;0;Peduzzi, Mr. Joseph;1;;8
3;0;Pekoniemi, Mr. Edvard;1;21;8
3;0;Peltomaki, Mr. Nikolai Johannes;1;25;8
3;0;Perkin, Mr. John Henry;1;22;7
3;1;Persson, Mr. Ernst Ulrik;1;25;8
3;1;Peter, Master. Michael J;1;;22
3;1;Peter, Miss. Anna;2;;22
3;1;Peter, Mrs. Catherine (Catherine Rizk);2;;22
3;0;Peters, Miss. Katie;2;;8
3;0;Petersen, Mr. Marius;1;24;8
3;0;Petranec, Miss. Matilda;2;28;8
3;0;Petroff, Mr. Nedelio;1;19;8
3;0;"Petroff, Mr. Pastcho (""Pentcho"")";1;;8
3;0;Petterson, Mr. Johan Emil;1;25;8
3;0;Pettersson, Miss. Ellen Natalia;2;18;8
3;1;Pickard, Mr. Berk (Berk Trembisky);1;32;8
3;0;Plotcharsky, Mr. Vasil;1;;8
3;0;Pokrnic, Mr. Mate;1;17;9
3;0;Pokrnic, Mr. Tome;1;24;9
3;0;Radeff, Mr. Alexander;1;;8
3;0;Rasmussen, Mrs. (Lena Jacobsen Solvang);2;;8
3;0;Razi, Mr. Raihed;1;;7
3;0;Reed, Mr. James George;1;;7
3;0;Rekic, Mr. Tido;1;38;8
3;0;Reynolds, Mr. Harold J;1;21;8
3;0;Rice, Master. Albert;1;10;29
3;0;Rice, Master. Arthur;1;4;29
3;0;Rice, Master. Eric;1;7;29
3;0;Rice, Master. Eugene;1;2;29
3;0;Rice, Master. George Hugh;1;8;29
3;0;Rice, Mrs. William (Margaret Norton);2;39;29
3;0;"Riihivouri, Miss. Susanna Juhantytar ""Sanni""";2;22;40
3;0;Rintamaki, Mr. Matti;1;35;7
3;1;"Riordan, Miss. Johanna ""Hannah""";2;;8
3;0;Risien, Mr. Samuel Beard;1;;15
3;0;Risien, Mrs. Samuel (Emma);2;;15
3;0;Robins, Mr. Alexander A;1;50;15
3;0;Robins, Mrs. Alexander A (Grace Charity Laury);2;47;15
3;0;Rogers, Mr. William John;1;;8
3;0;Rommetvedt, Mr. Knud Paust;1;;8
3;0;Rosblom, Miss. Salli Helena;2;2;20
3;0;Rosblom, Mr. Viktor Richard;1;18;20
3;0;Rosblom, Mrs. Viktor (Helena Wilhelmina);2;41;20
3;1;Roth, Miss. Sarah A;2;;8
3;0;Rouse, Mr. Richard Henry;1;50;8
3;0;Rush, Mr. Alfred George John;1;16;8
3;1;Ryan, Mr. Edward;1;;8
3;0;Ryan, Mr. Patrick;1;;24
3;0;Saad, Mr. Amin;1;;7
3;0;Saad, Mr. Khalil;1;25;7
3;0;Saade, Mr. Jean Nassr;1;;7
3;0;Sadlier, Mr. Matthew;1;;8
3;0;Sadowitz, Mr. Harry;1;;8
3;0;Saether, Mr. Simon Sivertsen;1;39;7
3;0;Sage, Master. Thomas Henry;1;;70
3;0;Sage, Master. William Henry;1;15;70
3;0;Sage, Miss. Ada;2;;70
3;0;Sage, Miss. Constance Gladys;2;;70
3;0;"Sage, Miss. Dorothy Edith ""Dolly""";2;;70
3;0;Sage, Miss. Stella Anna;2;;70
3;0;Sage, Mr. Douglas Bullen;1;;70
3;0;Sage, Mr. Frederick;1;;70
3;0;Sage, Mr. George John Jr;1;;70
3;0;Sage, Mr. John George;1;;70
3;0;Sage, Mrs. John (Annie Bullen);2;;70
3;0;Salander, Mr. Karl Johan;1;24;9
3;1;Salkjelsvik, Miss. Anna Kristine;2;21;8
3;0;Salonen, Mr. Johan Werner;1;39;8
3;0;Samaan, Mr. Elias;1;;22
3;0;Samaan, Mr. Hanna;1;;22
3;0;Samaan, Mr. Youssef;1;;22
3;1;Sandstrom, Miss. Beatrice Irene;2;1;17
3;1;Sandstrom, Mrs. Hjalmar (Agnes Charlotta Bengtsson);2;24;17
3;1;Sandstrom, Miss. Marguerite Rut;2;4;17
3;1;Sap, Mr. Julius;1;25;10
3;0;Saundercock, Mr. William Henry;1;20;8
3;0;Sawyer, Mr. Frederick Charles;1;25;8
3;0;Scanlan, Mr. James;1;;8
3;0;Sdycoff, Mr. Todor;1;;8
3;0;Shaughnessy, Mr. Patrick;1;;8
3;1;Sheerlinck, Mr. Jan Baptist;1;29;10
3;0;Shellard, Mr. Frederick William;1;;15
3;1;Shine, Miss. Ellen Natalia;2;;8
3;0;Shorney, Mr. Charles Joseph;1;;8
3;0;Simmons, Mr. John;1;;8
3;0;Sirayanian, Mr. Orsen;1;22;7
3;0;Sirota, Mr. Maurice;1;;8
3;0;Sivic, Mr. Husein;1;40;8
3;0;Sivola, Mr. Antti Wilhelm;1;21;8
3;1;Sjoblom, Miss. Anna Sofia;2;18;7
3;0;Skoog, Master. Harald;1;4;28
3;0;Skoog, Master. Karl Thorsten;1;10;28
3;0;Skoog, Miss. Mabel;2;9;28
3;0;Skoog, Miss. Margit Elizabeth;2;2;28
3;0;Skoog, Mr. Wilhelm;1;40;28
3;0;Skoog, Mrs. William (Anna Bernhardina Karlsson);2;45;28
3;0;Slabenoff, Mr. Petco;1;;8
3;0;Slocovski, Mr. Selman Francis;1;;8
3;0;Smiljanic, Mr. Mile;1;;9
3;0;Smith, Mr. Thomas;1;;8
3;1;Smyth, Miss. Julia;2;;8
3;0;Soholt, Mr. Peter Andreas Lauritz Andersen;1;19;8
3;0;Somerton, Mr. Francis William;1;30;8
3;0;Spector, Mr. Woolf;1;;8
3;0;Spinner, Mr. Henry John;1;32;8
3;0;Staneff, Mr. Ivan;1;;8
3;0;Stankovic, Mr. Ivan;1;33;9
3;1;Stanley, Miss. Amy Zillah Elsie;2;23;8
3;0;Stanley, Mr. Edward Roland;1;21;8
3;0;Storey, Mr. Thomas;1;61;
3;0;Stoytcheff, Mr. Ilia;1;19;8
3;0;Strandberg, Miss. Ida Sofia;2;22;10
3;1;Stranden, Mr. Juho;1;31;8
3;0;Strilic, Mr. Ivan;1;27;9
3;0;Strom, Miss. Telma Matilda;2;2;10
3;0;Strom, Mrs. Wilhelm (Elna Matilda Persson);2;29;10
3;1;Sunderland, Mr. Victor Francis;1;16;8
3;1;Sundman, Mr. Johan Julian;1;44;8
3;0;Sutehall, Mr. Henry Jr;1;25;7
3;0;Svensson, Mr. Johan;1;74;8
3;1;Svensson, Mr. Johan Cervin;1;14;9
3;0;Svensson, Mr. Olof;1;24;8
3;1;Tenglin, Mr. Gunnar Isidor;1;25;8
3;0;Theobald, Mr. Thomas Leonard;1;34;8
3;1;Thomas, Master. Assad Alexander;1;0;9
3;0;Thomas, Mr. Charles P;1;;6
3;0;Thomas, Mr. John;1;;6
3;0;Thomas, Mr. Tannous;1;;7
3;1;"Thomas, Mrs. Alexander (Thamine ""Thelma"")";2;16;9
3;0;Thomson, Mr. Alexander Morrison;1;;8
3;0;Thorneycroft, Mr. Percival;1;;16
3;1;Thorneycroft, Mrs. Percival (Florence Kate White);2;;16
3;0;Tikkanen, Mr. Juho;1;32;8
3;0;Tobin, Mr. Roger;1;;8
3;0;Todoroff, Mr. Lalio;1;;8
3;0;Tomlin, Mr. Ernest Portage;1;31;8
3;0;Torber, Mr. Ernst William;1;44;8
3;0;Torfa, Mr. Assad;1;;7
3;1;Tornquist, Mr. William Henry;1;25;0
3;0;Toufik, Mr. Nakli;1;;7
3;1;Touma, Master. Georges Youssef;1;7;15
3;1;Touma, Miss. Maria Youssef;2;9;15
3;1;Touma, Mrs. Darwis (Hanne Youssef Razi);2;29;15
3;0;Turcin, Mr. Stjepan;1;36;8
3;1;Turja, Miss. Anna Sofia;2;18;10
3;1;Turkula, Mrs. (Hedwig);2;63;10
3;0;van Billiard, Master. James William;1;;15
3;0;van Billiard, Master. Walter John;1;12;15
3;0;van Billiard, Mr. Austin Blyler;1;41;15
3;0;Van Impe, Miss. Catharina;2;10;24
3;0;Van Impe, Mr. Jean Baptiste;1;36;24
3;0;Van Impe, Mrs. Jean Baptiste (Rosalie Paula Govaert);2;30;24
3;0;van Melkebeke, Mr. Philemon;1;;10
3;0;Vande Velde, Mr. Johannes Joseph;1;33;10
3;0;Vande Walle, Mr. Nestor Cyriel;1;28;10
3;0;Vanden Steen, Mr. Leo Peter;1;28;10
3;0;Vander Cruyssen, Mr. Victor;1;47;9
3;0;Vander Planke, Miss. Augusta Maria;2;18;18
3;0;Vander Planke, Mr. Julius;1;31;18
3;0;Vander Planke, Mr. Leo Edmondus;1;16;18
3;0;Vander Planke, Mrs. Julius (Emelia Maria Vandemoortele);2;31;18
3;1;Vartanian, Mr. David;1;22;7
3;0;Vendel, Mr. Olof Edvin;1;20;8
3;0;Vestrom, Miss. Hulda Amanda Adolfina;2;14;8
3;0;Vovk, Mr. Janko;1;22;8
3;0;Waelens, Mr. Achille;1;22;9
3;0;Ware, Mr. Frederick;1;;8
3;0;Warren, Mr. Charles William;1;;8
3;0;Webber, Mr. James;1;;8
3;0;Wenzel, Mr. Linhart;1;33;10
3;1;Whabee, Mrs. George Joseph (Shawneene Abi-Saab);2;38;7
3;0;Widegren, Mr. Carl/Charles Peter;1;51;8
3;0;Wiklund, Mr. Jakob Alfred;1;18;6
3;0;Wiklund, Mr. Karl Johan;1;21;6
3;1;Wilkes, Mrs. James (Ellen Needs);2;47;7
3;0;"Willer, Mr. Aaron (""Abi Weller"")";1;;9
3;0;Willey, Mr. Edward;1;;8
3;0;"Williams, Mr. Howard Hugh ""Harry""";1;;8
3;0;Williams, Mr. Leslie;1;29;16
3;0;Windelov, Mr. Einar;1;21;7
3;0;Wirz, Mr. Albert;1;27;9
3;0;Wiseman, Mr. Phillippe;1;;7
3;0;Wittevrongel, Mr. Camille;1;36;10
3;0;Yasbeck, Mr. Antoni;1;27;14
3;1;Yasbeck, Mrs. Antoni (Selini Alexander);2;15;14
3;0;Youseff, Mr. Gerious;1;46;7
3;0;Yousif, Mr. Wazli;1;;7
3;0;Yousseff, Mr. Gerious;1;;14
3;0;Zabour, Miss. Hileni;2;15;14
3;0;Zabour, Miss. Thamine;2;;14
3;0;Zakarian, Mr. Mapriededer;1;27;7
3;0;Zakarian, Mr. Ortin;1;27;7
3;0;Zimmerman, Mr. Leo;1;29;8
